SNP,Case_Num_C_Allele,Case_Num_T_Allele,Control_Num_C_Allele,Control_Num_T_Allele
snp0,0,50,42,58
snp1,4,46,12,88
snp2,23,27,21,79
snp3,10,40,74,26
snp4,17,33,48,52
snp5,39,11,57,43
snp6,30,20,26,74
snp7,49,1,7,93
snp8,13,37,1,99
snp9,20,30,40,60
snp10,27,23,36,64
snp11,33,17,75,25
snp12,11,39,46,54
snp13,21,29,26,74
snp14,24,26,51,49
snp15,28,22,46,54
snp16,36,14,61,39
snp17,21,29,98,2
snp18,12,38,56,44
snp19,39,11,18,82
snp20,35,15,75,25
snp21,45,5,51,49
snp22,32,18,24,76
snp23,13,37,73,27
snp24,41,9,39,61
snp25,41,9,70,30
snp26,13,37,91,9
snp27,11,39,99,1
snp28,48,2,100,0
snp29,6,44,53,47
snp30,32,18,25,75
snp31,12,38,4,96
snp32,21,29,76,24
snp33,21,29,32,68
snp34,19,31,5,95
snp35,4,46,75,25
snp36,11,39,68,32
snp37,46,4,57,43
snp38,19,31,96,4
snp39,38,12,42,58
snp40,44,6,3,97
snp41,20,30,94,6
snp42,23,27,65,35
snp43,21,29,45,55
snp44,26,24,0,100
snp45,5,45,63,37
snp46,8,42,42,58
snp47,14,36,63,37
snp48,1,49,66,34
snp49,16,34,11,89
snp50,40,10,19,81
snp51,44,6,8,92
snp52,22,28,62,38
snp53,1,49,23,77
snp54,12,38,18,82
snp55,7,43,8,92
snp56,3,47,100,0
snp57,42,8,71,29
snp58,25,25,4,96
snp59,5,45,13,87
snp60,28,22,60,40
snp61,28,22,70,30
snp62,48,2,11,89
snp63,27,23,6,94
snp64,25,25,81,19
snp65,32,18,18,82
snp66,4,46,82,18
snp67,11,39,4,96
snp68,19,31,8,92
snp69,5,45,66,34
snp70,45,5,96,4
snp71,40,10,63,37
snp72,7,43,16,84
snp73,46,4,21,79
snp74,5,45,35,65
snp75,16,34,58,42
snp76,29,21,38,62
snp77,1,49,4,96
snp78,5,45,72,28
snp79,43,7,100,0
snp80,7,43,10,90
snp81,27,23,40,60
snp82,32,18,86,14
snp83,47,3,89,11
snp84,35,15,46,54
snp85,39,11,69,31
snp86,33,17,29,71
snp87,6,44,6,94
snp88,18,32,22,78
snp89,47,3,18,82
snp90,4,46,43,57
snp91,29,21,85,15
snp92,26,24,18,82
snp93,4,46,41,59
snp94,35,15,2,98
snp95,37,13,90,10
snp96,18,32,80,20
snp97,29,21,16,84
snp98,18,32,67,33
snp99,29,21,87,13
snp100,4,46,19,81
snp101,3,47,55,45
snp102,26,24,56,44
snp103,12,38,17,83
snp104,17,33,95,5
snp105,2,48,57,43
snp106,0,50,97,3
snp107,14,36,57,43
snp108,42,8,90,10
snp109,35,15,29,71
snp110,7,43,24,76
snp111,17,33,27,73
snp112,14,36,46,54
snp113,33,17,12,88
snp114,15,35,73,27
snp115,41,9,13,87
snp116,5,45,3,97
snp117,2,48,83,17
snp118,47,3,56,44
snp119,14,36,97,3
snp120,48,2,22,78
snp121,28,22,65,35
snp122,8,42,9,91
snp123,1,49,83,17
snp124,3,47,60,40
snp125,4,46,42,58
snp126,25,25,97,3
snp127,7,43,32,68
snp128,14,36,80,20
snp129,10,40,73,27
snp130,8,42,9,91
snp131,16,34,85,15
snp132,25,25,33,67
snp133,7,43,33,67
snp134,9,41,27,73
snp135,25,25,73,27
snp136,1,49,71,29
snp137,31,19,86,14
snp138,2,48,4,96
snp139,29,21,50,50
snp140,20,30,84,16
snp141,49,1,40,60
snp142,1,49,50,50
snp143,48,2,46,54
snp144,15,35,51,49
snp145,5,45,12,88
snp146,33,17,34,66
snp147,33,17,67,33
snp148,31,19,46,54
snp149,2,48,37,63
snp150,34,16,3,97
snp151,23,27,78,22
snp152,39,11,73,27
snp153,22,28,84,16
snp154,8,42,58,42
snp155,15,35,13,87
snp156,12,38,17,83
snp157,2,48,6,94
snp158,15,35,69,31
snp159,50,0,88,12
snp160,47,3,88,12
snp161,1,49,66,34
snp162,15,35,4,96
snp163,31,19,62,38
snp164,19,31,38,62
snp165,16,34,99,1
snp166,33,17,11,89
snp167,24,26,31,69
snp168,33,17,21,79
snp169,26,24,34,66
snp170,37,13,92,8
snp171,1,49,10,90
snp172,28,22,38,62
snp173,42,8,47,53
snp174,1,49,96,4
snp175,12,38,49,51
snp176,11,39,10,90
snp177,44,6,38,62
snp178,40,10,11,89
snp179,8,42,17,83
snp180,16,34,57,43
snp181,32,18,46,54
snp182,23,27,39,61
snp183,19,31,24,76
snp184,49,1,99,1
snp185,23,27,94,6
snp186,40,10,62,38
snp187,19,31,80,20
snp188,2,48,0,100
snp189,19,31,47,53
snp190,44,6,98,2
snp191,11,39,97,3
snp192,41,9,43,57
snp193,39,11,91,9
snp194,22,28,75,25
snp195,28,22,92,8
snp196,7,43,26,74
snp197,4,46,10,90
snp198,32,18,81,19
snp199,11,39,27,73
snp200,9,41,69,31
snp201,16,34,10,90
snp202,17,33,8,92
snp203,10,40,91,9
snp204,11,39,63,37
snp205,30,20,95,5
snp206,33,17,65,35
snp207,36,14,7,93
snp208,10,40,59,41
snp209,41,9,20,80
snp210,17,33,67,33
snp211,41,9,54,46
snp212,30,20,52,48
snp213,16,34,87,13
snp214,10,40,27,73
snp215,42,8,3,97
snp216,5,45,10,90
snp217,10,40,69,31
snp218,34,16,37,63
snp219,14,36,50,50
snp220,3,47,10,90
snp221,50,0,53,47
snp222,1,49,7,93
snp223,6,44,60,40
snp224,3,47,49,51
snp225,47,3,68,32
snp226,45,5,3,97
snp227,25,25,72,28
snp228,45,5,11,89
snp229,37,13,68,32
snp230,13,37,5,95
snp231,13,37,41,59
snp232,9,41,19,81
snp233,5,45,91,9
snp234,15,35,59,41
snp235,9,41,62,38
snp236,18,32,30,70
snp237,22,28,33,67
snp238,26,24,56,44
snp239,50,0,39,61
snp240,50,0,45,55
snp241,42,8,16,84
snp242,39,11,7,93
snp243,50,0,89,11
snp244,37,13,64,36
snp245,34,16,31,69
snp246,30,20,81,19
snp247,5,45,8,92
snp248,39,11,21,79
snp249,30,20,64,36
snp250,35,15,29,71
snp251,22,28,84,16
snp252,16,34,98,2
snp253,50,0,21,79
snp254,1,49,55,45
snp255,25,25,53,47
snp256,4,46,50,50
snp257,47,3,75,25
snp258,8,42,17,83
snp259,20,30,59,41
snp260,50,0,56,44
snp261,33,17,85,15
snp262,42,8,0,100
snp263,0,50,73,27
snp264,33,17,33,67
snp265,13,37,33,67
snp266,45,5,24,76
snp267,42,8,87,13
snp268,24,26,48,52
snp269,10,40,57,43
snp270,23,27,67,33
snp271,31,19,61,39
snp272,22,28,48,52
snp273,27,23,88,12
snp274,1,49,22,78
snp275,47,3,100,0
snp276,1,49,29,71
snp277,19,31,70,30
snp278,24,26,16,84
snp279,12,38,3,97
snp280,4,46,63,37
snp281,7,43,3,97
snp282,32,18,77,23
snp283,25,25,3,97
snp284,42,8,99,1
snp285,29,21,76,24
snp286,34,16,97,3
snp287,1,49,48,52
snp288,5,45,80,20
snp289,13,37,2,98
snp290,27,23,80,20
snp291,17,33,21,79
snp292,20,30,96,4
snp293,48,2,54,46
snp294,22,28,89,11
snp295,19,31,46,54
snp296,2,48,84,16
snp297,13,37,52,48
snp298,50,0,39,61
snp299,38,12,5,95
snp300,17,33,17,83
snp301,23,27,33,67
snp302,31,19,12,88
snp303,38,12,61,39
snp304,19,31,93,7
snp305,32,18,57,43
snp306,48,2,5,95
snp307,27,23,65,35
snp308,47,3,26,74
snp309,28,22,66,34
snp310,22,28,54,46
snp311,33,17,47,53
snp312,16,34,3,97
snp313,33,17,6,94
snp314,40,10,47,53
snp315,50,0,47,53
snp316,43,7,64,36
snp317,43,7,25,75
snp318,7,43,95,5
snp319,17,33,38,62
snp320,41,9,38,62
snp321,36,14,80,20
snp322,16,34,46,54
snp323,40,10,49,51
snp324,16,34,94,6
snp325,43,7,36,64
snp326,27,23,89,11
snp327,37,13,69,31
snp328,31,19,8,92
snp329,33,17,55,45
snp330,38,12,87,13
snp331,43,7,54,46
snp332,34,16,47,53
snp333,46,4,88,12
snp334,8,42,25,75
snp335,38,12,53,47
snp336,19,31,96,4
snp337,28,22,89,11
snp338,3,47,57,43
snp339,20,30,22,78
snp340,47,3,24,76
snp341,34,16,9,91
snp342,42,8,9,91
snp343,31,19,50,50
snp344,45,5,71,29
snp345,21,29,19,81
snp346,46,4,22,78
snp347,41,9,15,85
snp348,12,38,17,83
snp349,27,23,9,91
snp350,21,29,5,95
snp351,20,30,8,92
snp352,12,38,3,97
snp353,27,23,36,64
snp354,44,6,38,62
snp355,10,40,71,29
snp356,35,15,45,55
snp357,14,36,99,1
snp358,28,22,9,91
snp359,45,5,53,47
snp360,41,9,19,81
snp361,24,26,93,7
snp362,23,27,68,32
snp363,49,1,84,16
snp364,25,25,68,32
snp365,0,50,20,80
snp366,45,5,52,48
snp367,50,0,98,2
snp368,35,15,60,40
snp369,50,0,73,27
snp370,31,19,71,29
snp371,15,35,23,77
snp372,20,30,53,47
snp373,37,13,80,20
snp374,47,3,43,57
snp375,50,0,97,3
snp376,39,11,10,90
snp377,40,10,73,27
snp378,45,5,55,45
snp379,49,1,8,92
snp380,12,38,10,90
snp381,29,21,66,34
snp382,6,44,37,63
snp383,31,19,4,96
snp384,5,45,33,67
snp385,14,36,30,70
snp386,46,4,59,41
snp387,4,46,21,79
snp388,40,10,81,19
snp389,33,17,5,95
snp390,26,24,47,53
snp391,35,15,75,25
snp392,30,20,50,50
snp393,47,3,83,17
snp394,23,27,28,72
snp395,3,47,51,49
snp396,50,0,12,88
snp397,15,35,86,14
snp398,1,49,73,27
snp399,0,50,86,14
snp400,25,25,78,22
snp401,23,27,78,22
snp402,27,23,86,14
snp403,9,41,84,16
snp404,46,4,75,25
snp405,26,24,27,73
snp406,44,6,44,56
snp407,17,33,11,89
snp408,25,25,33,67
snp409,7,43,74,26
snp410,10,40,100,0
snp411,13,37,21,79
snp412,1,49,59,41
snp413,49,1,26,74
snp414,20,30,90,10
snp415,36,14,68,32
snp416,25,25,42,58
snp417,11,39,61,39
snp418,43,7,84,16
snp419,1,49,87,13
snp420,47,3,77,23
snp421,27,23,11,89
snp422,7,43,68,32
snp423,46,4,26,74
snp424,34,16,75,25
snp425,37,13,94,6
snp426,9,41,19,81
snp427,28,22,70,30
snp428,19,31,93,7
snp429,37,13,98,2
snp430,6,44,2,98
snp431,4,46,42,58
snp432,45,5,91,9
snp433,29,21,72,28
snp434,26,24,90,10
snp435,25,25,38,62
snp436,16,34,59,41
snp437,14,36,24,76
snp438,33,17,31,69
snp439,29,21,76,24
snp440,12,38,12,88
snp441,10,40,55,45
snp442,17,33,3,97
snp443,36,14,61,39
snp444,41,9,4,96
snp445,26,24,42,58
snp446,28,22,43,57
snp447,13,37,64,36
snp448,15,35,31,69
snp449,2,48,2,98
snp450,37,13,13,87
snp451,9,41,34,66
snp452,2,48,86,14
snp453,32,18,2,98
snp454,10,40,94,6
snp455,37,13,88,12
snp456,46,4,14,86
snp457,15,35,10,90
snp458,19,31,47,53
snp459,19,31,71,29
snp460,11,39,89,11
snp461,14,36,55,45
snp462,34,16,77,23
snp463,29,21,98,2
snp464,35,15,86,14
snp465,3,47,20,80
snp466,20,30,39,61
snp467,19,31,70,30
snp468,1,49,17,83
snp469,31,19,60,40
snp470,13,37,91,9
snp471,29,21,37,63
snp472,2,48,85,15
snp473,18,32,27,73
snp474,1,49,82,18
snp475,13,37,60,40
snp476,50,0,92,8
snp477,3,47,6,94
snp478,37,13,37,63
snp479,43,7,10,90
snp480,13,37,10,90
snp481,15,35,98,2
snp482,9,41,76,24
snp483,44,6,24,76
snp484,43,7,44,56
snp485,29,21,34,66
snp486,50,0,29,71
snp487,5,45,42,58
snp488,14,36,11,89
snp489,29,21,51,49
snp490,17,33,62,38
snp491,32,18,53,47
snp492,2,48,34,66
snp493,8,42,28,72
snp494,33,17,70,30
snp495,28,22,57,43
snp496,24,26,99,1
snp497,7,43,11,89
snp498,21,29,55,45
snp499,9,41,28,72
snp500,33,17,87,13
snp501,40,10,91,9
snp502,19,31,27,73
snp503,32,18,2,98
snp504,23,27,26,74
snp505,35,15,75,25
snp506,33,17,41,59
snp507,8,42,54,46
snp508,36,14,90,10
snp509,30,20,20,80
snp510,14,36,38,62
snp511,12,38,8,92
snp512,0,50,34,66
snp513,2,48,15,85
snp514,21,29,78,22
snp515,0,50,89,11
snp516,34,16,72,28
snp517,28,22,98,2
snp518,32,18,47,53
snp519,17,33,95,5
snp520,8,42,20,80
snp521,7,43,56,44
snp522,4,46,82,18
snp523,35,15,81,19
snp524,34,16,47,53
snp525,12,38,92,8
snp526,44,6,14,86
snp527,50,0,56,44
snp528,0,50,71,29
snp529,10,40,59,41
snp530,31,19,32,68
snp531,13,37,76,24
snp532,27,23,1,99
snp533,38,12,88,12
snp534,21,29,2,98
snp535,42,8,64,36
snp536,14,36,58,42
snp537,12,38,24,76
snp538,19,31,26,74
snp539,11,39,88,12
snp540,21,29,97,3
snp541,35,15,45,55
snp542,26,24,5,95
snp543,29,21,12,88
snp544,20,30,24,76
snp545,49,1,52,48
snp546,32,18,91,9
snp547,15,35,67,33
snp548,46,4,99,1
snp549,37,13,27,73
snp550,0,50,31,69
snp551,42,8,1,99
snp552,44,6,0,100
snp553,6,44,5,95
snp554,0,50,10,90
snp555,13,37,43,57
snp556,10,40,41,59
snp557,38,12,92,8
snp558,3,47,2,98
snp559,7,43,61,39
snp560,6,44,27,73
snp561,34,16,46,54
snp562,19,31,63,37
snp563,5,45,77,23
snp564,0,50,59,41
snp565,48,2,33,67
snp566,48,2,43,57
snp567,3,47,29,71
snp568,25,25,76,24
snp569,17,33,46,54
snp570,47,3,27,73
snp571,38,12,16,84
snp572,8,42,67,33
snp573,0,50,40,60
snp574,43,7,99,1
snp575,39,11,49,51
snp576,13,37,96,4
snp577,19,31,62,38
snp578,8,42,3,97
snp579,44,6,51,49
snp580,7,43,51,49
snp581,11,39,5,95
snp582,26,24,69,31
snp583,35,15,13,87
snp584,23,27,68,32
snp585,50,0,54,46
snp586,10,40,11,89
snp587,23,27,26,74
snp588,14,36,88,12
snp589,46,4,75,25
snp590,4,46,98,2
snp591,4,46,6,94
snp592,37,13,45,55
snp593,45,5,12,88
snp594,27,23,71,29
snp595,0,50,87,13
snp596,27,23,83,17
snp597,3,47,79,21
snp598,17,33,57,43
snp599,26,24,8,92
snp600,38,12,92,8
snp601,4,46,32,68
snp602,21,29,75,25
snp603,5,45,39,61
snp604,14,36,80,20
snp605,22,28,54,46
snp606,6,44,5,95
snp607,18,32,71,29
snp608,18,32,73,27
snp609,43,7,50,50
snp610,2,48,99,1
snp611,12,38,45,55
snp612,41,9,65,35
snp613,10,40,76,24
snp614,16,34,68,32
snp615,50,0,65,35
snp616,26,24,93,7
snp617,4,46,71,29
snp618,32,18,83,17
snp619,16,34,7,93
snp620,15,35,15,85
snp621,8,42,6,94
snp622,32,18,62,38
snp623,48,2,89,11
snp624,30,20,76,24
snp625,13,37,62,38
snp626,41,9,22,78
snp627,6,44,7,93
snp628,1,49,58,42
snp629,15,35,65,35
snp630,29,21,44,56
snp631,5,45,91,9
snp632,8,42,5,95
snp633,5,45,3,97
snp634,14,36,84,16
snp635,36,14,1,99
snp636,16,34,4,96
snp637,1,49,1,99
snp638,30,20,100,0
snp639,39,11,90,10
snp640,36,14,58,42
snp641,8,42,83,17
snp642,23,27,21,79
snp643,18,32,33,67
snp644,13,37,54,46
snp645,22,28,61,39
snp646,45,5,23,77
snp647,3,47,5,95
snp648,28,22,85,15
snp649,6,44,18,82
snp650,24,26,31,69
snp651,22,28,18,82
snp652,1,49,43,57
snp653,6,44,64,36
snp654,23,27,5,95
snp655,38,12,99,1
snp656,38,12,71,29
snp657,30,20,17,83
snp658,28,22,1,99
snp659,29,21,32,68
snp660,18,32,57,43
snp661,43,7,93,7
snp662,7,43,25,75
snp663,16,34,17,83
snp664,44,6,58,42
snp665,44,6,0,100
snp666,9,41,79,21
snp667,3,47,82,18
snp668,29,21,80,20
snp669,4,46,24,76
snp670,34,16,94,6
snp671,46,4,28,72
snp672,27,23,85,15
snp673,0,50,61,39
snp674,15,35,24,76
snp675,47,3,59,41
snp676,10,40,90,10
snp677,10,40,66,34
snp678,7,43,99,1
snp679,34,16,57,43
snp680,11,39,8,92
snp681,10,40,66,34
snp682,48,2,27,73
snp683,17,33,87,13
snp684,12,38,9,91
snp685,37,13,58,42
snp686,23,27,97,3
snp687,44,6,60,40
snp688,29,21,6,94
snp689,2,48,12,88
snp690,19,31,27,73
snp691,22,28,54,46
snp692,4,46,42,58
snp693,27,23,70,30
snp694,42,8,72,28
snp695,10,40,32,68
snp696,0,50,96,4
snp697,45,5,37,63
snp698,11,39,93,7
snp699,43,7,29,71
snp700,11,39,71,29
snp701,42,8,48,52
snp702,28,22,80,20
snp703,1,49,81,19
snp704,29,21,50,50
snp705,41,9,79,21
snp706,5,45,78,22
snp707,20,30,35,65
snp708,27,23,61,39
snp709,27,23,2,98
snp710,31,19,95,5
snp711,10,40,81,19
snp712,1,49,21,79
snp713,3,47,48,52
snp714,45,5,83,17
snp715,16,34,99,1
snp716,42,8,84,16
snp717,12,38,19,81
snp718,16,34,68,32
snp719,10,40,10,90
snp720,44,6,12,88
snp721,40,10,71,29
snp722,48,2,58,42
snp723,2,48,83,17
snp724,7,43,43,57
snp725,47,3,93,7
snp726,36,14,30,70
snp727,29,21,39,61
snp728,48,2,61,39
snp729,17,33,8,92
snp730,41,9,95,5
snp731,32,18,99,1
snp732,37,13,44,56
snp733,9,41,18,82
snp734,31,19,92,8
snp735,39,11,73,27
snp736,38,12,90,10
snp737,10,40,15,85
snp738,29,21,58,42
snp739,13,37,5,95
snp740,32,18,81,19
snp741,2,48,69,31
snp742,48,2,50,50
snp743,9,41,5,95
snp744,20,30,37,63
snp745,19,31,58,42
snp746,42,8,100,0
snp747,1,49,23,77
snp748,27,23,85,15
snp749,46,4,47,53
snp750,49,1,60,40
snp751,21,29,46,54
snp752,12,38,27,73
snp753,44,6,19,81
snp754,34,16,63,37
snp755,35,15,59,41
snp756,50,0,60,40
snp757,21,29,82,18
snp758,26,24,9,91
snp759,33,17,21,79
snp760,32,18,82,18
snp761,25,25,57,43
snp762,42,8,13,87
snp763,35,15,99,1
snp764,13,37,90,10
snp765,42,8,94,6
snp766,47,3,97,3
snp767,18,32,100,0
snp768,24,26,43,57
snp769,33,17,7,93
snp770,33,17,15,85
snp771,37,13,91,9
snp772,23,27,23,77
snp773,45,5,33,67
snp774,29,21,53,47
snp775,41,9,99,1
snp776,42,8,100,0
snp777,25,25,6,94
snp778,36,14,31,69
snp779,10,40,93,7
snp780,49,1,94,6
snp781,50,0,69,31
snp782,5,45,21,79
snp783,2,48,18,82
snp784,46,4,22,78
snp785,1,49,93,7
snp786,33,17,74,26
snp787,38,12,22,78
snp788,14,36,90,10
snp789,11,39,21,79
snp790,35,15,79,21
snp791,8,42,26,74
snp792,1,49,48,52
snp793,29,21,6,94
snp794,0,50,22,78
snp795,8,42,18,82
snp796,18,32,5,95
snp797,15,35,46,54
snp798,50,0,86,14
snp799,14,36,71,29
snp800,3,47,87,13
snp801,8,42,32,68
snp802,4,46,93,7
snp803,10,40,56,44
snp804,44,6,68,32
snp805,2,48,13,87
snp806,48,2,70,30
snp807,49,1,5,95
snp808,6,44,73,27
snp809,3,47,18,82
snp810,47,3,73,27
snp811,14,36,25,75
snp812,36,14,86,14
snp813,35,15,79,21
snp814,25,25,25,75
snp815,19,31,72,28
snp816,43,7,44,56
snp817,18,32,65,35
snp818,7,43,25,75
snp819,36,14,70,30
snp820,13,37,67,33
snp821,30,20,13,87
snp822,40,10,12,88
snp823,27,23,93,7
snp824,43,7,35,65
snp825,17,33,79,21
snp826,23,27,20,80
snp827,11,39,64,36
snp828,12,38,64,36
snp829,3,47,31,69
snp830,19,31,31,69
snp831,13,37,80,20
snp832,17,33,34,66
snp833,29,21,60,40
snp834,16,34,43,57
snp835,0,50,86,14
snp836,49,1,0,100
snp837,36,14,51,49
snp838,10,40,15,85
snp839,1,49,89,11
snp840,18,32,52,48
snp841,28,22,78,22
snp842,35,15,85,15
snp843,5,45,46,54
snp844,26,24,88,12
snp845,35,15,88,12
snp846,31,19,61,39
snp847,47,3,90,10
snp848,39,11,89,11
snp849,14,36,89,11
snp850,42,8,74,26
snp851,9,41,0,100
snp852,40,10,54,46
snp853,33,17,57,43
snp854,42,8,35,65
snp855,2,48,60,40
snp856,12,38,27,73
snp857,14,36,76,24
snp858,35,15,32,68
snp859,26,24,1,99
snp860,30,20,98,2
snp861,8,42,2,98
snp862,0,50,6,94
snp863,8,42,78,22
snp864,48,2,38,62
snp865,17,33,15,85
snp866,8,42,54,46
snp867,36,14,27,73
snp868,36,14,6,94
snp869,17,33,30,70
snp870,13,37,16,84
snp871,24,26,43,57
snp872,29,21,70,30
snp873,8,42,59,41
snp874,0,50,35,65
snp875,21,29,35,65
snp876,39,11,55,45
snp877,26,24,69,31
snp878,42,8,67,33
snp879,26,24,46,54
snp880,13,37,73,27
snp881,8,42,88,12
snp882,40,10,90,10
snp883,0,50,61,39
snp884,27,23,95,5
snp885,50,0,91,9
snp886,4,46,25,75
snp887,3,47,27,73
snp888,25,25,50,50
snp889,34,16,23,77
snp890,12,38,60,40
snp891,2,48,49,51
snp892,15,35,82,18
snp893,23,27,5,95
snp894,45,5,35,65
snp895,16,34,77,23
snp896,45,5,36,64
snp897,40,10,68,32
snp898,45,5,25,75
snp899,19,31,61,39
snp900,19,31,31,69
snp901,23,27,42,58
snp902,31,19,2,98
snp903,25,25,15,85
snp904,33,17,1,99
snp905,50,0,50,50
snp906,6,44,82,18
snp907,47,3,71,29
snp908,35,15,100,0
snp909,20,30,81,19
snp910,31,19,82,18
snp911,47,3,100,0
snp912,23,27,97,3
snp913,38,12,36,64
snp914,46,4,18,82
snp915,5,45,38,62
snp916,32,18,0,100
snp917,5,45,8,92
snp918,33,17,64,36
snp919,2,48,85,15
snp920,3,47,4,96
snp921,44,6,31,69
snp922,45,5,73,27
snp923,28,22,34,66
snp924,29,21,89,11
snp925,26,24,15,85
snp926,39,11,11,89
snp927,29,21,75,25
snp928,30,20,55,45
snp929,31,19,42,58
snp930,43,7,93,7
snp931,50,0,60,40
snp932,9,41,82,18
snp933,38,12,2,98
snp934,24,26,100,0
snp935,40,10,34,66
snp936,15,35,80,20
snp937,46,4,12,88
snp938,41,9,22,78
snp939,36,14,63,37
snp940,44,6,23,77
snp941,44,6,78,22
snp942,11,39,91,9
snp943,17,33,46,54
snp944,34,16,34,66
snp945,47,3,2,98
snp946,28,22,22,78
snp947,47,3,90,10
snp948,47,3,86,14
snp949,38,12,12,88
snp950,18,32,19,81
snp951,10,40,59,41
snp952,10,40,10,90
snp953,47,3,93,7
snp954,49,1,17,83
snp955,9,41,51,49
snp956,26,24,9,91
snp957,26,24,31,69
snp958,2,48,35,65
snp959,32,18,77,23
snp960,6,44,58,42
snp961,22,28,5,95
snp962,12,38,58,42
snp963,1,49,90,10
snp964,39,11,10,90
snp965,45,5,77,23
snp966,18,32,55,45
snp967,19,31,69,31
snp968,3,47,96,4
snp969,36,14,44,56
snp970,29,21,63,37
snp971,42,8,77,23
snp972,10,40,29,71
snp973,12,38,9,91
snp974,50,0,48,52
snp975,4,46,11,89
snp976,31,19,17,83
snp977,10,40,28,72
snp978,28,22,2,98
snp979,48,2,15,85
snp980,45,5,76,24
snp981,4,46,23,77
snp982,41,9,8,92
snp983,35,15,16,84
snp984,1,49,92,8
snp985,23,27,79,21
snp986,40,10,56,44
snp987,27,23,52,48
snp988,46,4,48,52
snp989,23,27,74,26
snp990,28,22,40,60
snp991,3,47,97,3
snp992,34,16,47,53
snp993,9,41,94,6
snp994,41,9,62,38
snp995,44,6,6,94
snp996,41,9,39,61
snp997,43,7,40,60
snp998,31,19,29,71
snp999,41,9,5,95
