SNP,Case_Num_C_Allele,Case_Num_T_Allele,Control_Num_C_Allele,Control_Num_T_Allele,odd_ratios,p_values
snp0,0,50,42,58,0.0,9.205282439205063e-10
snp1,4,46,12,88,0.6376811594202898,0.3279999500014348
snp2,23,27,21,79,3.2045855379188715,0.99953887135385
snp3,10,40,74,26,0.08783783783783784,2.4753738750319183e-10
snp4,17,33,48,52,0.5580808080808081,0.0720435592748623
snp5,39,11,57,43,2.674641148325359,0.9971520839861798
snp6,30,20,26,74,4.269230769230769,0.9999876856803389
snp7,49,1,7,93,651.0,0.9999999999999933
snp8,13,37,1,99,34.78378378378378,0.9999999476382899
snp9,20,30,40,60,1.0,0.5716056394767406
snp10,27,23,36,64,2.0869565217391304,0.9885838228212569
snp11,33,17,75,25,0.6470588235294118,0.16724376634749893
snp12,11,39,46,54,0.3311036789297659,0.003208324229935217
snp13,21,29,26,74,2.061007957559682,0.9845741266206067
snp14,24,26,51,49,0.8868778280542986,0.43130304835430194
snp15,28,22,46,54,1.4940711462450593,0.9080139671932406
snp16,36,14,61,39,1.6440281030444965,0.9357070827477261
snp17,21,29,98,2,0.014778325123152709,2.7119138268029874e-15
snp18,12,38,56,44,0.24812030075187969,0.00016027446350332916
snp19,39,11,18,82,16.151515151515152,0.9999999999999345
snp20,35,15,75,25,0.7777777777777778,0.32111973238379987
snp21,45,5,51,49,8.647058823529411,0.9999998986587915
snp22,32,18,24,76,5.62962962962963,0.9999996128482829
snp23,13,37,73,27,0.12995186967789707,4.171339953855068e-08
snp24,41,9,39,61,7.1253561253561255,0.9999999486882865
snp25,41,9,70,30,1.9523809523809523,0.9646891391937602
snp26,13,37,91,9,0.03474903474903475,6.925793273583721e-16
snp27,11,39,99,1,0.002849002849002849,8.495639008673441e-25
snp28,48,2,100,0,0.0,0.10961968680089504
snp29,6,44,53,47,0.120926243567753,4.962763659829448e-07
snp30,32,18,25,75,5.333333333333333,0.9999992396577966
snp31,12,38,4,96,7.578947368421052,0.999954565756321
snp32,21,29,76,24,0.22867513611615245,4.900543108340791e-05
snp33,21,29,32,68,1.5387931034482758,0.9169627895697173
snp34,19,31,5,95,11.64516129032258,0.9999999494725078
snp35,4,46,75,25,0.028985507246376812,7.650190446473036e-16
snp36,11,39,68,32,0.13273001508295626,8.128909921278518e-08
snp37,46,4,57,43,8.675438596491228,0.9999995307338132
snp38,19,31,96,4,0.025537634408602152,6.4645709362299744e-15
snp39,38,12,42,58,4.373015873015873,0.9999862158086203
snp40,44,6,3,97,237.11111111111111,1.0
snp41,20,30,94,6,0.0425531914893617,9.69509086735544e-13
snp42,23,27,65,35,0.4586894586894587,0.020344611882175297
snp43,21,29,45,55,0.8850574712643678,0.4317086627118044
snp44,26,24,0,100,inf,1.0
snp45,5,45,63,37,0.06525573192239859,1.5937490825966903e-10
snp46,8,42,42,58,0.26303854875283444,0.000989253167874206
snp47,14,36,63,37,0.22839506172839505,4.6198876915393985e-05
snp48,1,49,66,34,0.010513296227581941,7.38721400045171e-16
snp49,16,34,11,89,3.807486631016043,0.9995108528297348
snp50,40,10,19,81,17.05263157894737,0.9999999999999805
snp51,44,6,8,92,84.33333333333333,0.9999999999999952
snp52,22,28,62,38,0.4815668202764977,0.02760518197794785
snp53,1,49,23,77,0.06832298136645963,0.0003408250463660494
snp54,12,38,18,82,1.4385964912280702,0.8601153110943858
snp55,7,43,8,92,1.872093023255814,0.9228900506725977
snp56,3,47,100,0,0.0,8.786029075311955e-36
snp57,42,8,71,29,2.1443661971830985,0.9765031494780471
snp58,25,25,4,96,24.0,0.9999999999974774
snp59,5,45,13,87,0.7435897435897436,0.4037374161970899
snp60,28,22,60,40,0.8484848484848485,0.3836172385519926
snp61,28,22,70,30,0.5454545454545454,0.06545139970587058
snp62,48,2,11,89,194.1818181818182,1.0
snp63,27,23,6,94,18.391304347826086,0.9999999999958024
snp64,25,25,81,19,0.2345679012345679,0.00011367381403918257
snp65,32,18,18,82,8.098765432098766,0.9999999963868761
snp66,4,46,82,18,0.019088016967126194,3.870773297704372e-19
snp67,11,39,4,96,6.769230769230769,0.999867709678223
snp68,19,31,8,92,7.048387096774194,0.9999980512944733
snp69,5,45,66,34,0.05723905723905724,1.7327524063348485e-11
snp70,45,5,96,4,0.375,0.1377779344966681
snp71,40,10,63,37,2.3492063492063493,0.9906725934928029
snp72,7,43,16,84,0.8546511627906976,0.4756831912809106
snp73,46,4,21,79,43.26190476190476,1.0
snp74,5,45,35,65,0.20634920634920634,0.000646413976150018
snp75,16,34,58,42,0.3407707910750507,0.0021979916296470106
snp76,29,21,38,62,2.2531328320802007,0.9937377967033875
snp77,1,49,4,96,0.4897959183673469,0.458669297227723
snp78,5,45,72,28,0.043209876543209874,1.2548171532375746e-13
snp79,43,7,100,0,0.0,0.00033961610271000906
snp80,7,43,10,90,1.4651162790697674,0.8419341461067152
snp81,27,23,40,60,1.7608695652173914,0.9639745707120715
snp82,32,18,86,14,0.28940568475452194,0.002318716589625274
snp83,47,3,89,11,1.9363295880149813,0.9058406182373349
snp84,35,15,46,54,2.739130434782609,0.9985921851792773
snp85,39,11,69,31,1.592885375494071,0.9130667692647995
snp86,33,17,29,71,4.752535496957404,0.9999969676027505
snp87,6,44,6,94,2.1363636363636362,0.9415087255901723
snp88,18,32,22,78,1.9943181818181819,0.9773420735410785
snp89,47,3,18,82,71.37037037037037,0.9999999999999976
snp90,4,46,43,57,0.11526794742163801,4.404258542730055e-06
snp91,29,21,85,15,0.24369747899159663,0.0003625902491139544
snp92,26,24,18,82,4.935185185185185,0.999995427630977
snp93,4,46,41,59,0.12513255567338283,1.185484412481833e-05
snp94,35,15,2,98,114.33333333333333,1.0
snp95,37,13,90,10,0.3162393162393162,0.01150196553939981
snp96,18,32,80,20,0.140625,1.4834681618758976e-07
snp97,29,21,16,84,7.25,0.999999969609241
snp98,18,32,67,33,0.27705223880597013,0.0002901527933634547
snp99,29,21,87,13,0.20634920634920634,0.00010338293773261772
snp100,4,46,19,81,0.3707093821510298,0.05981095942960724
snp101,3,47,55,45,0.05222437137330754,6.482693853827953e-10
snp102,26,24,56,44,0.8511904761904762,0.38538174816909343
snp103,12,38,17,83,1.541795665634675,0.8918745981840502
snp104,17,33,95,5,0.02711323763955343,1.3756399385025428e-15
snp105,2,48,57,43,0.031432748538011694,1.5793755833605703e-11
snp106,0,50,97,3,0.0,1.1638131371508109e-36
snp107,14,36,57,43,0.2933723196881092,0.0006504017670284434
snp108,42,8,90,10,0.5833333333333334,0.20982468260704856
snp109,35,15,29,71,5.712643678160919,0.9999997060412504
snp110,7,43,24,76,0.5155038759689923,0.11120545470845122
snp111,17,33,27,73,1.3928170594837261,0.8592245566860612
snp112,14,36,46,54,0.45652173913043476,0.024929897883479473
snp113,33,17,12,88,14.235294117647058,0.999999999998324
snp114,15,35,73,27,0.15851272015655576,5.178264860683867e-07
snp115,41,9,13,87,30.487179487179485,1.0
snp116,5,45,3,97,3.5925925925925926,0.9830358194289661
snp117,2,48,83,17,0.00853413654618474,3.340353340258868e-22
snp118,47,3,56,44,12.30952380952381,0.9999999645724286
snp119,14,36,97,3,0.012027491408934709,9.656276228274036e-20
snp120,48,2,22,78,85.0909090909091,1.0
snp121,28,22,65,35,0.6853146853146853,0.18594802008606687
snp122,8,42,9,91,1.9259259259259258,0.9364935447183991
snp123,1,49,83,17,0.004179985247110892,1.0541915218802375e-23
snp124,3,47,60,40,0.0425531914893617,2.0534866061963005e-11
snp125,4,46,42,58,0.12008281573498965,7.259509781050788e-06
snp126,25,25,97,3,0.030927835051546393,1.1094395068207387e-11
snp127,7,43,32,68,0.34593023255813954,0.012898721480447762
snp128,14,36,80,20,0.09722222222222222,7.491371987466295e-10
snp129,10,40,73,27,0.09246575342465753,5.436891695617607e-10
snp130,8,42,9,91,1.9259259259259258,0.9364935447183991
snp131,16,34,85,15,0.08304498269896193,1.3586748509889402e-10
snp132,25,25,33,67,2.0303030303030303,0.9855176306334666
snp133,7,43,33,67,0.33051444679351655,0.009415753882520531
snp134,9,41,27,73,0.5934959349593496,0.15524113369445197
snp135,25,25,73,27,0.3698630136986301,0.004828017860563802
snp136,1,49,71,29,0.008335728657660248,7.592224402511481e-18
snp137,31,19,86,14,0.26560587515299877,0.0010643731045067695
snp138,2,48,4,96,1.0,0.6826556991029341
snp139,29,21,50,50,1.380952380952381,0.8640899882011526
snp140,20,30,84,16,0.12698412698412698,7.142304263853585e-08
snp141,49,1,40,60,73.5,0.9999999999999967
snp142,1,49,50,50,0.02040816326530612,1.303203909066995e-10
snp143,48,2,46,54,28.17391304347826,0.9999999999957692
snp144,15,35,51,49,0.4117647058823529,0.011109885788047827
snp145,5,45,12,88,0.8148148148148148,0.47345963236999117
snp146,33,17,34,66,3.7681660899653977,0.9999534760248863
snp147,33,17,67,33,0.9561018437225637,0.5216476737759104
snp148,31,19,46,54,1.9153318077803203,0.9787361322656638
snp149,2,48,37,63,0.07094594594594594,2.8210399441480828e-06
snp150,34,16,3,97,68.70833333333333,1.0
snp151,23,27,78,22,0.2402659069325736,0.00010203876425071911
snp152,39,11,73,27,1.311332503113325,0.8049806354582048
snp153,22,28,84,16,0.14965986394557823,7.40373683860663e-07
snp154,8,42,58,42,0.13793103448275862,5.50056667372296e-07
snp155,15,35,13,87,2.868131868131868,0.9963391644510737
snp156,12,38,17,83,1.541795665634675,0.8918745981840502
snp157,2,48,6,94,0.6527777777777778,0.4654045526687258
snp158,15,35,69,31,0.19254658385093168,5.744489432616088e-06
snp159,50,0,88,12,inf,1.0
snp160,47,3,88,12,2.1363636363636362,0.9311968244318992
snp161,1,49,66,34,0.010513296227581941,7.38721400045171e-16
snp162,15,35,4,96,10.285714285714286,0.9999984727286555
snp163,31,19,62,38,1.0,0.568898046588375
snp164,19,31,38,62,1.0,0.57256513930979
snp165,16,34,99,1,0.004753416518122401,2.616679401604195e-20
snp166,33,17,11,89,15.705882352941176,0.9999999999995156
snp167,24,26,31,69,2.054590570719603,0.986242222502193
snp168,33,17,21,79,7.302521008403361,0.9999999881071389
snp169,26,24,34,66,2.1029411764705883,0.9889922724680649
snp170,37,13,92,8,0.24749163879598662,0.0037430026261122077
snp171,1,49,10,90,0.1836734693877551,0.06766068351825988
snp172,28,22,38,62,2.076555023923445,0.988284639558641
snp173,42,8,47,53,5.920212765957447,0.9999987638167092
snp174,1,49,96,4,0.0008503401360544217,1.4122872419325041e-33
snp175,12,38,49,51,0.32867883995703545,0.0025049142001634943
snp176,11,39,10,90,2.5384615384615383,0.9859843783334893
snp177,44,6,38,62,11.964912280701755,0.999999999840622
snp178,40,10,11,89,32.36363636363637,1.0
snp179,8,42,17,83,0.9299719887955182,0.53772916862832
snp180,16,34,57,43,0.35500515995872034,0.0031393037011608147
snp181,32,18,46,54,2.0869565217391304,0.9882302450929604
snp182,23,27,39,61,1.332383665716999,0.8405215453575265
snp183,19,31,24,76,1.9408602150537635,0.975025734003132
snp184,49,1,99,1,0.494949494949495,0.5570469798657725
snp185,23,27,94,6,0.054373522458628844,8.190404598781964e-11
snp186,40,10,62,38,2.4516129032258065,0.9932074473305008
snp187,19,31,80,20,0.1532258064516129,4.82018906937697e-07
snp188,2,48,0,100,inf,1.0
snp189,19,31,47,53,0.6911461908030199,0.19173319256355686
snp190,44,6,98,2,0.14965986394557823,0.016964180571032095
snp191,11,39,97,3,0.008723235527359239,1.9842025938024058e-22
snp192,41,9,43,57,6.038759689922481,0.9999994499433331
snp193,39,11,91,9,0.35064935064935066,0.02771244705370337
snp194,22,28,75,25,0.2619047619047619,0.00020391810306221716
snp195,28,22,92,8,0.11067193675889328,5.714401659601234e-07
snp196,7,43,26,74,0.46332737030411447,0.06905963897708182
snp197,4,46,10,90,0.782608695652174,0.4717231052630636
snp198,32,18,81,19,0.4170096021947874,0.020177411089881057
snp199,11,39,27,73,0.7625830959164293,0.3244752816099305
snp200,9,41,69,31,0.09862142099681867,2.2242924368620578e-09
snp201,16,34,10,90,4.235294117647059,0.9997593058034162
snp202,17,33,8,92,5.924242424242424,0.9999831805965009
snp203,10,40,91,9,0.024725274725274724,2.008613651668441e-18
snp204,11,39,63,37,0.16564916564916565,1.6500089718171995e-06
snp205,30,20,95,5,0.07894736842105263,1.9561542651171466e-07
snp206,33,17,65,35,1.0452488687782806,0.6168616310361956
snp207,36,14,7,93,34.16326530612245,0.9999999999999991
snp208,10,40,59,41,0.17372881355932204,4.280801927554203e-06
snp209,41,9,20,80,18.22222222222222,0.9999999999999873
snp210,17,33,67,33,0.2537313432835821,0.00011961262059313418
snp211,41,9,54,46,3.880658436213992,0.9998704392692678
snp212,30,20,52,48,1.3846153846153846,0.864836186295556
snp213,16,34,87,13,0.07031778228532792,1.6816115065522944e-11
snp214,10,40,27,73,0.6759259259259259,0.232493445798361
snp215,42,8,3,97,169.75,0.9999999999999951
snp216,5,45,10,90,1.0,0.6222902202990539
snp217,10,40,69,31,0.11231884057971014,1.0148783321009282e-08
snp218,34,16,37,63,3.6182432432432434,0.9999237558447112
snp219,14,36,50,50,0.3888888888888889,0.007808691527736116
snp220,3,47,10,90,0.574468085106383,0.3127391949766093
snp221,50,0,53,47,inf,1.0
snp222,1,49,7,93,0.27113702623906705,0.1876405298304716
snp223,6,44,60,40,0.09090909090909091,7.543984724667574e-09
snp224,3,47,49,51,0.06643508467216674,2.7512664764256224e-08
snp225,47,3,68,32,7.372549019607843,0.9999793081550109
snp226,45,5,3,97,291.0,1.0
snp227,25,25,72,28,0.3888888888888889,0.006973316912116076
snp228,45,5,11,89,72.81818181818181,0.9999999999999934
snp229,37,13,68,32,1.339366515837104,0.8273587711659691
snp230,13,37,5,95,6.675675675675675,0.9999490384218371
snp231,13,37,41,59,0.5056031641397495,0.050900941781707704
snp232,9,41,19,81,0.9358151476251605,0.5356962896741125
snp233,5,45,91,9,0.01098901098901099,1.63217854241295e-23
snp234,15,35,59,41,0.29782082324455206,0.000679099635956872
snp235,9,41,62,38,0.13453973249409915,2.1651199553215788e-07
snp236,18,32,30,70,1.3125,0.823615720256317
snp237,22,28,33,67,1.5952380952380953,0.932266485454234
snp238,26,24,56,44,0.8511904761904762,0.38538174816909343
snp239,50,0,39,61,inf,1.0
snp240,50,0,45,55,inf,1.0
snp241,42,8,16,84,27.5625,0.9999999999999953
snp242,39,11,7,93,47.103896103896105,0.999999999999996
snp243,50,0,89,11,inf,1.0
snp244,37,13,64,36,1.6009615384615385,0.9228906319958254
snp245,34,16,31,69,4.729838709677419,0.9999967553168918
snp246,30,20,81,19,0.35185185185185186,0.005711687250391662
snp247,5,45,8,92,1.2777777777777777,0.7675030614333493
snp248,39,11,21,79,13.337662337662337,0.9999999999987286
snp249,30,20,64,36,0.84375,0.38102894785588215
snp250,35,15,29,71,5.712643678160919,0.9999997060412504
snp251,22,28,84,16,0.14965986394557823,7.40373683860663e-07
snp252,16,34,98,2,0.009603841536614645,4.073694950881469e-19
snp253,50,0,21,79,inf,1.0
snp254,1,49,55,45,0.016697588126159554,4.224316652607001e-12
snp255,25,25,53,47,0.8867924528301887,0.430951423790484
snp256,4,46,50,50,0.08695652173913043,1.0134120861827896e-07
snp257,47,3,75,25,5.222222222222222,0.9994952434317023
snp258,8,42,17,83,0.9299719887955182,0.53772916862832
snp259,20,30,59,41,0.4632768361581921,0.02140277312773206
snp260,50,0,56,44,inf,1.0
snp261,33,17,85,15,0.34256055363321797,0.007700990453042885
snp262,42,8,0,100,inf,1.0
snp263,0,50,73,27,0.0,2.177927879701056e-20
snp264,33,17,33,67,3.9411764705882355,0.999972020905075
snp265,13,37,33,67,0.7133497133497133,0.2470552567334912
snp266,45,5,24,76,28.5,0.9999999999999944
snp267,42,8,87,13,0.7844827586206896,0.39438295131508305
snp268,24,26,48,52,1.0,0.5690485762095154
snp269,10,40,57,43,0.18859649122807018,1.1955153694993742e-05
snp270,23,27,67,33,0.41956882255389716,0.011007727531930425
snp271,31,19,61,39,1.0431406384814494,0.6148433548288076
snp272,22,28,48,52,0.8511904761904762,0.38671644958981627
snp273,27,23,88,12,0.1600790513833992,7.043847089302943e-06
snp274,1,49,22,78,0.07235621521335807,0.0005336396495297807
snp275,47,3,100,0,0.0,0.03555233085434425
snp276,1,49,29,71,0.04996481351161154,2.0184448684828636e-05
snp277,19,31,70,30,0.2626728110599078,0.0001727117052406964
snp278,24,26,16,84,4.846153846153846,0.9999913204251696
snp279,12,38,3,97,10.210526315789474,0.9999885918487653
snp280,4,46,63,37,0.05106970324361629,2.084793411392623e-11
snp281,7,43,3,97,5.263565891472868,0.9975047204134899
snp282,32,18,77,23,0.5310245310245311,0.06934231336494974
snp283,25,25,3,97,32.333333333333336,0.9999999999996748
snp284,42,8,99,1,0.05303030303030303,0.0006774593645410999
snp285,29,21,76,24,0.43609022556390975,0.019711881339554534
snp286,34,16,97,3,0.06572164948453608,1.5272713518909803e-06
snp287,1,49,48,52,0.022108843537414966,4.776108513589863e-10
snp288,5,45,80,20,0.027777777777777776,4.744623750187681e-17
snp289,13,37,2,98,17.216216216216218,0.9999994086206977
snp290,27,23,80,20,0.29347826086956524,0.0010226718091415296
snp291,17,33,21,79,1.9379509379509379,0.9715376743475005
snp292,20,30,96,4,0.027777777777777776,3.328058045606572e-14
snp293,48,2,54,46,20.444444444444443,0.9999999990988288
snp294,22,28,89,11,0.0971107544141252,8.705146229418435e-09
snp295,19,31,46,54,0.7194950911640954,0.22486590047357013
snp296,2,48,84,16,0.007936507936507936,8.939156224963005e-23
snp297,13,37,52,48,0.32432432432432434,0.0019050790073614455
snp298,50,0,39,61,inf,1.0
snp299,38,12,5,95,60.166666666666664,0.9999999999999991
snp300,17,33,17,83,2.515151515151515,0.993920665154029
snp301,23,27,33,67,1.7295173961840629,0.9576553734972331
snp302,31,19,12,88,11.964912280701755,0.9999999999644988
snp303,38,12,61,39,2.0245901639344264,0.9792878827103192
snp304,19,31,93,7,0.046132500867152273,9.200454662514708e-13
snp305,32,18,57,43,1.341130604288499,0.8410976284449051
snp306,48,2,5,95,456.0,0.9999999999999992
snp307,27,23,65,35,0.6321070234113713,0.13021189665328234
snp308,47,3,26,74,44.58974358974359,1.0
snp309,28,22,66,34,0.6556473829201102,0.15516904342116083
snp310,22,28,54,46,0.6693121693121693,0.16316730802077278
snp311,33,17,47,53,2.1889862327909886,0.9915334701468203
snp312,16,34,3,97,15.215686274509803,0.999999908768059
snp313,33,17,6,94,30.41176470588235,1.0
snp314,40,10,47,53,4.51063829787234,0.9999837135955668
snp315,50,0,47,53,inf,1.0
snp316,43,7,64,36,3.455357142857143,0.9991085762780039
snp317,43,7,25,75,18.428571428571427,0.9999999999999698
snp318,7,43,95,5,0.008567931456548347,1.5840345610621308e-24
snp319,17,33,38,62,0.8405103668261563,0.3842633241521829
snp320,41,9,38,62,7.432748538011696,0.9999999726689681
snp321,36,14,80,20,0.6428571428571429,0.1843981419796935
snp322,16,34,46,54,0.5524296675191815,0.07063967490103865
snp323,40,10,49,51,4.163265306122449,0.9999578694243227
snp324,16,34,94,6,0.030037546933667083,1.3705197968611683e-15
snp325,43,7,36,64,10.920634920634921,0.9999999997509369
snp326,27,23,89,11,0.14509037616023449,3.098366779428262e-06
snp327,37,13,69,31,1.278706800445931,0.7941642783284616
snp328,31,19,8,92,18.763157894736842,0.9999999999998108
snp329,33,17,55,45,1.588235294117647,0.9293603250989695
snp330,38,12,87,13,0.4731800766283525,0.07254349125597889
snp331,43,7,54,46,5.232804232804233,0.9999887450935256
snp332,34,16,47,53,2.396276595744681,0.9957208434711556
snp333,46,4,88,12,1.5681818181818181,0.848554374612579
snp334,8,42,25,75,0.5714285714285714,0.14761906361793986
snp335,38,12,53,47,2.808176100628931,0.9984200342926921
snp336,19,31,96,4,0.025537634408602152,6.4645709362299744e-15
snp337,28,22,89,11,0.15730337078651685,8.867388408992982e-06
snp338,3,47,57,43,0.048152295632698766,1.6936513876943098e-10
snp339,20,30,22,78,2.3636363636363638,0.9933513853749752
snp340,47,3,24,76,49.611111111111114,0.9999999999999993
snp341,34,16,9,91,21.48611111111111,0.9999999999999934
snp342,42,8,9,91,53.083333333333336,1.0
snp343,31,19,50,50,1.631578947368421,0.9415620423651032
snp344,45,5,71,29,3.676056338028169,0.9985526227245203
snp345,21,29,19,81,3.087114337568058,0.999173983741785
snp346,46,4,22,78,40.77272727272727,0.9999999999999971
snp347,41,9,15,85,25.814814814814813,0.9999999999999934
snp348,12,38,17,83,1.541795665634675,0.8918745981840502
snp349,27,23,9,91,11.869565217391305,0.9999999997076713
snp350,21,29,5,95,13.758620689655173,0.9999999961079138
snp351,20,30,8,92,7.666666666666667,0.9999993717589285
snp352,12,38,3,97,10.210526315789474,0.9999885918487653
snp353,27,23,36,64,2.0869565217391304,0.9885838228212569
snp354,44,6,38,62,11.964912280701755,0.999999999840622
snp355,10,40,71,29,0.10211267605633803,2.450191479649682e-09
snp356,35,15,45,55,2.8518518518518516,0.9990369047704428
snp357,14,36,99,1,0.003928170594837262,5.06001843032469e-22
snp358,28,22,9,91,12.868686868686869,0.9999999999284029
snp359,45,5,53,47,7.981132075471698,0.9999996868178441
snp360,41,9,19,81,19.42105263157895,0.9999999999999917
snp361,24,26,93,7,0.06947890818858561,1.2558584896204597e-09
snp362,23,27,68,32,0.4008714596949891,0.007907479997090457
snp363,49,1,84,16,9.333333333333334,0.9993842625317895
snp364,25,25,68,32,0.47058823529411764,0.025328669622871166
snp365,0,50,20,80,0.0,0.0001475963703065938
snp366,45,5,52,48,8.307692307692308,0.9999998209076072
snp367,50,0,98,2,inf,1.0
snp368,35,15,60,40,1.5555555555555556,0.9168148316374689
snp369,50,0,73,27,inf,1.0
snp370,31,19,71,29,0.6664195700518903,0.17638427974368598
snp371,15,35,23,77,1.434782608695652,0.8699406897858585
snp372,20,30,53,47,0.5911949685534591,0.09182954660598092
snp373,37,13,80,20,0.7115384615384616,0.26286550031388617
snp374,47,3,43,57,20.767441860465116,0.9999999999922844
snp375,50,0,97,3,inf,1.0
snp376,39,11,10,90,31.90909090909091,1.0
snp377,40,10,73,27,1.4794520547945205,0.8733708337514421
snp378,45,5,55,45,7.363636363636363,0.999999071269573
snp379,49,1,8,92,563.5,0.9999999999999933
snp380,12,38,10,90,2.8421052631578947,0.9932309545557911
snp381,29,21,66,34,0.7113997113997114,0.21752300476817274
snp382,6,44,37,63,0.2321867321867322,0.0008914237219950695
snp383,31,19,4,96,39.1578947368421,0.9999999999999932
snp384,5,45,33,67,0.2255892255892256,0.0014138213315501378
snp385,14,36,30,70,0.9074074074074074,0.47827570962702354
snp386,46,4,59,41,7.991525423728813,0.9999986345060029
snp387,4,46,21,79,0.32712215320910976,0.03315347726071111
snp388,40,10,81,19,0.9382716049382716,0.5230242032377717
snp389,33,17,5,95,36.88235294117647,0.999999999999998
snp390,26,24,47,53,1.2216312056737588,0.7735976225764161
snp391,35,15,75,25,0.7777777777777778,0.32111973238379987
snp392,30,20,50,50,1.5,0.9086826559825314
snp393,47,3,83,17,3.208835341365462,0.9876860361586235
snp394,23,27,28,72,2.1904761904761907,0.9908179136501947
snp395,3,47,51,49,0.06132665832290363,8.242617533865813e-09
snp396,50,0,12,88,inf,1.0
snp397,15,35,86,14,0.06976744186046512,1.0689399309953706e-11
snp398,1,49,73,27,0.007548224769359799,1.0541736633306201e-18
snp399,0,50,86,14,0.0,2.3774904934524723e-27
snp400,25,25,78,22,0.28205128205128205,0.0005590392212285952
snp401,23,27,78,22,0.2402659069325736,0.00010203876425071911
snp402,27,23,86,14,0.1911021233569262,3.112370861086216e-05
snp403,9,41,84,16,0.041811846689895474,2.8821404800592098e-15
snp404,46,4,75,25,3.8333333333333335,0.9979553515993547
snp405,26,24,27,73,2.9290123456790123,0.9992520741859745
snp406,44,6,44,56,9.333333333333334,0.9999999910421611
snp407,17,33,11,89,4.1680440771349865,0.9997995858407499
snp408,25,25,33,67,2.0303030303030303,0.9855176306334666
snp409,7,43,74,26,0.05719673161533627,1.2832225238336072e-12
snp410,10,40,100,0,0.0,2.3298935202046297e-27
snp411,13,37,21,79,1.3217503217503217,0.8156018580203065
snp412,1,49,59,41,0.014181943964026288,2.20614233715908e-13
snp413,49,1,26,74,139.46153846153845,0.999999999999992
snp414,20,30,90,10,0.07407407407407407,1.9895727088695306e-10
snp415,36,14,68,32,1.2100840336134453,0.7529447432665048
snp416,25,25,42,58,1.380952380952381,0.8649854334634762
snp417,11,39,61,39,0.18032786885245902,4.911833817777128e-06
snp418,43,7,84,16,1.1700680272108843,0.7075688813498004
snp419,1,49,87,13,0.0030494956603330987,3.6430088706964305e-26
snp420,47,3,77,23,4.67965367965368,0.9988246829319953
snp421,27,23,11,89,9.49802371541502,0.9999999969748451
snp422,7,43,68,32,0.07660738714090287,1.6594319226371103e-10
snp423,46,4,26,74,32.73076923076923,0.9999999999999998
snp424,34,16,75,25,0.7083333333333334,0.23670334837395268
snp425,37,13,94,6,0.18166939443535188,0.000907792702620791
snp426,9,41,19,81,0.9358151476251605,0.5356962896741125
snp427,28,22,70,30,0.5454545454545454,0.06545139970587058
snp428,19,31,93,7,0.046132500867152273,9.200454662514708e-13
snp429,37,13,98,2,0.058084772370486655,1.140815123246592e-05
snp430,6,44,2,98,6.681818181818182,0.997997927450456
snp431,4,46,42,58,0.12008281573498965,7.259509781050788e-06
snp432,45,5,91,9,0.8901098901098901,0.5282768947369353
snp433,29,21,72,28,0.5370370370370371,0.06281263149096553
snp434,26,24,90,10,0.12037037037037036,4.1536307090573027e-07
snp435,25,25,38,62,1.631578947368421,0.9425541222893511
snp436,16,34,59,41,0.3270189431704885,0.0015184873166803588
snp437,14,36,24,76,1.2314814814814814,0.7687777356687918
snp438,33,17,31,69,4.320683111954459,0.9999904216729735
snp439,29,21,76,24,0.43609022556390975,0.019711881339554534
snp440,12,38,12,88,2.3157894736842106,0.9814850462021677
snp441,10,40,55,45,0.20454545454545456,3.166181907416509e-05
snp442,17,33,3,97,16.656565656565657,0.9999999745408508
snp443,36,14,61,39,1.6440281030444965,0.9357070827477261
snp444,41,9,4,96,109.33333333333333,0.9999999999999951
snp445,26,24,42,58,1.496031746031746,0.9087613747318626
snp446,28,22,43,57,1.6871035940803383,0.9532603137827832
snp447,13,37,64,36,0.19763513513513514,9.765233705849551e-06
snp448,15,35,31,69,0.9539170506912442,0.5281714436427708
snp449,2,48,2,98,2.0416666666666665,0.891891891891893
snp450,37,13,13,87,19.047337278106507,0.9999999999999922
snp451,9,41,34,66,0.4261119081779053,0.02994807754148154
snp452,2,48,86,14,0.006782945736434108,5.566572038581306e-24
snp453,32,18,2,98,87.11111111111111,0.9999999999999999
snp454,10,40,94,6,0.015957446808510637,1.2335230896504886e-20
snp455,37,13,88,12,0.3881118881118881,0.028422191178802375
snp456,46,4,14,86,70.64285714285714,0.9999999999999953
snp457,15,35,10,90,3.857142857142857,0.9994107971073007
snp458,19,31,47,53,0.6911461908030199,0.19173319256355686
snp459,19,31,71,29,0.2503407542026352,0.00010614862062719626
snp460,11,39,89,11,0.03486027081532699,2.719051459878895e-16
snp461,14,36,55,45,0.3181818181818182,0.0014078148207175142
snp462,34,16,77,23,0.6347402597402597,0.16167273337572322
snp463,29,21,98,2,0.028182701652089408,4.66551430350336e-10
snp464,35,15,86,14,0.3798449612403101,0.018538784850398442
snp465,3,47,20,80,0.2553191489361702,0.018263796652347952
snp466,20,30,39,61,1.0427350427350428,0.6175668339542177
snp467,19,31,70,30,0.2626728110599078,0.0001727117052406964
snp468,1,49,17,83,0.09963985594237695,0.004550901738735958
snp469,31,19,60,40,1.087719298245614,0.6590157734577975
snp470,13,37,91,9,0.03474903474903475,6.925793273583721e-16
snp471,29,21,37,63,2.3513513513513513,0.9955555157516283
snp472,2,48,85,15,0.007352941176470588,2.2860834136369945e-23
snp473,18,32,27,73,1.5208333333333333,0.9062484942222457
snp474,1,49,82,18,0.004479840716774514,3.878340416227832e-23
snp475,13,37,60,40,0.23423423423423423,7.07079001425547e-05
snp476,50,0,92,8,inf,1.0
snp477,3,47,6,94,1.0,0.6531886807847286
snp478,37,13,37,63,4.846153846153846,0.9999968590650608
snp479,43,7,10,90,55.285714285714285,0.9999999999999992
snp480,13,37,10,90,3.1621621621621623,0.9968716623213132
snp481,15,35,98,2,0.008746355685131196,6.03924235240639e-20
snp482,9,41,76,24,0.0693196405648267,8.702253780630527e-12
snp483,44,6,24,76,23.22222222222222,0.999999999999996
snp484,43,7,44,56,7.818181818181818,0.9999999509596448
snp485,29,21,34,66,2.680672268907563,0.998551934669205
snp486,50,0,29,71,inf,1.0
snp487,5,45,42,58,0.15343915343915343,3.1243620182945044e-05
snp488,14,36,11,89,3.1464646464646466,0.997419318843785
snp489,29,21,51,49,1.326797385620915,0.8373343875323312
snp490,17,33,62,38,0.31573802541544477,0.0010440505632162722
snp491,32,18,53,47,1.5765199161425576,0.9279564407251353
snp492,2,48,34,66,0.08088235294117647,1.2720575706905417e-05
snp493,8,42,28,72,0.4897959183673469,0.07568590713758268
snp494,33,17,70,30,0.8319327731092437,0.37527551337002657
snp495,28,22,57,43,0.960127591706539,0.5221652599264555
snp496,24,26,99,1,0.009324009324009324,2.8387493924111615e-14
snp497,7,43,11,89,1.317124735729387,0.7901753173929461
snp498,21,29,55,45,0.5924764890282131,0.09198603280676067
snp499,9,41,28,72,0.5644599303135889,0.12662916624856102
snp500,33,17,87,13,0.29006085192697767,0.0029272128318029804
snp501,40,10,91,9,0.3956043956043956,0.052195522433314614
snp502,19,31,27,73,1.6571087216248506,0.9401905844739283
snp503,32,18,2,98,87.11111111111111,0.9999999999999999
snp504,23,27,26,74,2.4245014245014245,0.9956243910677725
snp505,35,15,75,25,0.7777777777777778,0.32111973238379987
snp506,33,17,41,59,2.793400286944046,0.9989652276179751
snp507,8,42,54,46,0.16225749559082892,4.746128855094077e-06
snp508,36,14,90,10,0.2857142857142857,0.005567898551491983
snp509,30,20,20,80,6.0,0.9999997689712012
snp510,14,36,38,62,0.6345029239766082,0.151133710865721
snp511,12,38,8,92,3.6315789473684212,0.9980754423593016
snp512,0,50,34,66,0.0,1.0182017168596937e-07
snp513,2,48,15,85,0.2361111111111111,0.03558082941307784
snp514,21,29,78,22,0.20424403183023873,1.542780471874028e-05
snp515,0,50,89,11,0.0,2.0771086300323996e-29
snp516,34,16,72,28,0.8263888888888888,0.37273984514285613
snp517,28,22,98,2,0.025974025974025976,1.1598458888681061e-10
snp518,32,18,47,53,2.0047281323877066,0.9842055668292142
snp519,17,33,95,5,0.02711323763955343,1.3756399385025428e-15
snp520,8,42,20,80,0.7619047619047619,0.3609670180826622
snp521,7,43,56,44,0.12790697674418605,4.097828820303954e-07
snp522,4,46,82,18,0.019088016967126194,3.870773297704372e-19
snp523,35,15,81,19,0.5473251028806584,0.09626248413646596
snp524,34,16,47,53,2.396276595744681,0.9957208434711556
snp525,12,38,92,8,0.02745995423340961,2.3013672546042903e-17
snp526,44,6,14,86,45.04761904761905,0.9999999999999953
snp527,50,0,56,44,inf,1.0
snp528,0,50,71,29,0.0,1.6527575855563764e-19
snp529,10,40,59,41,0.17372881355932204,4.280801927554203e-06
snp530,31,19,32,68,3.4671052631578947,0.9998858207775587
snp531,13,37,76,24,0.11095305832147938,4.637941714578282e-09
snp532,27,23,1,99,116.21739130434783,0.9999999999999976
snp533,38,12,88,12,0.4318181818181818,0.051365267218934224
snp534,21,29,2,98,35.48275862068966,0.9999999999877532
snp535,42,8,64,36,2.953125,0.9975765245255275
snp536,14,36,58,42,0.28160919540229884,0.0004334676393467821
snp537,12,38,24,76,1.0,0.5846652882494392
snp538,19,31,26,74,1.7444168734491314,0.9544095682280098
snp539,11,39,88,12,0.038461538461538464,1.0321390215605714e-15
snp540,21,29,97,3,0.02239601848560256,2.3997918642715226e-14
snp541,35,15,45,55,2.8518518518518516,0.9990369047704428
snp542,26,24,5,95,20.583333333333332,0.999999999996485
snp543,29,21,12,88,10.126984126984127,0.9999999993881495
snp544,20,30,24,76,2.111111111111111,0.9859632393693057
snp545,49,1,52,48,45.23076923076923,0.9999999999900785
snp546,32,18,91,9,0.17582417582417584,9.454538853952627e-05
snp547,15,35,67,33,0.21108742004264391,1.7024341103929897e-05
snp548,46,4,99,1,0.11616161616161616,0.042509734152650316
snp549,37,13,27,73,7.695156695156695,0.9999999948953224
snp550,0,50,31,69,0.0,5.32127678567788e-07
snp551,42,8,1,99,519.75,0.9999999999999991
snp552,44,6,0,100,inf,1.0
snp553,6,44,5,95,2.590909090909091,0.9669505444732934
snp554,0,50,10,90,0.0,0.01480077451961934
snp555,13,37,43,57,0.4657448145820239,0.030911521215828755
snp556,10,40,41,59,0.3597560975609756,0.007702242790083294
snp557,38,12,92,8,0.2753623188405797,0.00814555364342491
snp558,3,47,2,98,3.127659574468085,0.9574902658473499
snp559,7,43,61,39,0.10407929851315288,2.0596710477933903e-08
snp560,6,44,27,73,0.3686868686868687,0.02689894596767675
snp561,34,16,46,54,2.494565217391304,0.9969615466783773
snp562,19,31,63,37,0.35995903737839224,0.003180841006398152
snp563,5,45,77,23,0.03318903318903319,1.1227734900555406e-15
snp564,0,50,59,41,0.0,6.601741291729011e-15
snp565,48,2,33,67,48.72727272727273,0.9999999999999944
snp566,48,2,43,57,31.813953488372093,0.9999999999995366
snp567,3,47,29,71,0.15627292736610418,0.0006099005100305048
snp568,25,25,76,24,0.3157894736842105,0.001417372284133454
snp569,17,33,46,54,0.6047430830039525,0.1092779746265369
snp570,47,3,27,73,42.358024691358025,1.0
snp571,38,12,16,84,16.625,0.9999999999999605
snp572,8,42,67,33,0.09381663113006397,1.8703574029896646e-09
snp573,0,50,40,60,0.0,3.117834362883289e-09
snp574,43,7,99,1,0.06204906204906205,0.002002072549542216
snp575,39,11,49,51,3.6901669758812616,0.9998758283881528
snp576,13,37,96,4,0.01463963963963964,1.1931117012202636e-19
snp577,19,31,62,38,0.3756503642039542,0.004525723135634417
snp578,8,42,3,97,6.158730158730159,0.9990953131077157
snp579,44,6,51,49,7.045751633986928,0.9999994525613806
snp580,7,43,51,49,0.15640674874601004,5.914622383190385e-06
snp581,11,39,5,95,5.358974358974359,0.9996071414439475
snp582,26,24,69,31,0.4867149758454106,0.03226374448568344
snp583,35,15,13,87,15.615384615384615,0.9999999999997862
snp584,23,27,68,32,0.4008714596949891,0.007907479997090457
snp585,50,0,54,46,inf,1.0
snp586,10,40,11,89,2.022727272727273,0.95722104502038
snp587,23,27,26,74,2.4245014245014245,0.9956243910677725
snp588,14,36,88,12,0.05303030303030303,2.1674862908599853e-13
snp589,46,4,75,25,3.8333333333333335,0.9979553515993547
snp590,4,46,98,2,0.001774622892635315,2.3855374048645274e-31
snp591,4,46,6,94,1.3623188405797102,0.7940267768717313
snp592,37,13,45,55,3.4786324786324787,0.9998397255364935
snp593,45,5,12,88,66.0,0.9999999999999934
snp594,27,23,71,29,0.47948560930802203,0.030759391276807185
snp595,0,50,87,13,0.0,5.2007604544272815e-28
snp596,27,23,83,17,0.24044002095337874,0.0002087496263915255
snp597,3,47,79,21,0.01696741179639106,8.394744142042881e-19
snp598,17,33,57,43,0.38862307283359915,0.0062954677056483044
snp599,26,24,8,92,12.458333333333334,0.9999999996772849
snp600,38,12,92,8,0.2753623188405797,0.00814555364342491
snp601,4,46,32,68,0.18478260869565216,0.0006538216296576916
snp602,21,29,75,25,0.2413793103448276,8.41402639033444e-05
snp603,5,45,39,61,0.1737891737891738,0.00012103923479923441
snp604,14,36,80,20,0.09722222222222222,7.491371987466295e-10
snp605,22,28,54,46,0.6693121693121693,0.16316730802077278
snp606,6,44,5,95,2.590909090909091,0.9669505444732934
snp607,18,32,71,29,0.22975352112676056,4.1732732291552056e-05
snp608,18,32,73,27,0.20804794520547945,1.4080019663897302e-05
snp609,43,7,50,50,6.142857142857143,0.9999985310430014
snp610,2,48,99,1,0.00042087542087542086,1.2298433617127015e-35
snp611,12,38,45,55,0.38596491228070173,0.009329384590768436
snp612,41,9,65,35,2.452991452991453,0.9919151145339726
snp613,10,40,76,24,0.07894736842105263,4.766767866818832e-11
snp614,16,34,68,32,0.22145328719723184,2.7979094925498286e-05
snp615,50,0,65,35,inf,1.0
snp616,26,24,93,7,0.08154121863799284,1.6896400180572574e-08
snp617,4,46,71,29,0.03551745254133497,3.18722853070728e-14
snp618,32,18,83,17,0.36412315930388217,0.009345785022403491
snp619,16,34,7,93,6.2521008403361344,0.9999819720448471
snp620,15,35,15,85,2.4285714285714284,0.9903159237636169
snp621,8,42,6,94,2.984126984126984,0.9868468265773642
snp622,32,18,62,38,1.0896057347670252,0.6602596874809445
snp623,48,2,89,11,2.966292134831461,0.9674199761384205
snp624,30,20,76,24,0.47368421052631576,0.03408885380201612
snp625,13,37,62,38,0.2153443766346992,2.7082912264906218e-05
snp626,41,9,22,78,16.151515151515152,0.9999999999999111
snp627,6,44,7,93,1.8116883116883118,0.9064801343742892
snp628,1,49,58,42,0.014778325123152709,4.702954748774546e-13
snp629,15,35,65,35,0.23076923076923078,4.702876947690066e-05
snp630,29,21,44,56,1.7575757575757576,0.9634763205414949
snp631,5,45,91,9,0.01098901098901099,1.63217854241295e-23
snp632,8,42,5,95,3.619047619047619,0.9936170471846277
snp633,5,45,3,97,3.5925925925925926,0.9830358194289661
snp634,14,36,84,16,0.07407407407407407,1.8069385465827146e-11
snp635,36,14,1,99,254.57142857142858,1.0
snp636,16,34,4,96,11.294117647058824,0.9999995360555367
snp637,1,49,1,99,2.020408163265306,0.8903803131991062
snp638,30,20,100,0,0.0,1.2978202397169239e-11
snp639,39,11,90,10,0.3939393939393939,0.042778954979617693
snp640,36,14,58,42,1.8620689655172413,0.9690884787841648
snp641,8,42,83,17,0.03901319563970167,1.2171626605072026e-15
snp642,23,27,21,79,3.2045855379188715,0.99953887135385
snp643,18,32,33,67,1.1420454545454546,0.7097451036022743
snp644,13,37,54,46,0.2992992992992993,0.000902943356693574
snp645,22,28,61,39,0.5023419203747073,0.03602542928793501
snp646,45,5,23,77,30.130434782608695,0.9999999999999971
snp647,3,47,5,95,1.2127659574468086,0.7460924073263288
snp648,28,22,85,15,0.22459893048128343,0.00015197440448575916
snp649,6,44,18,82,0.6212121212121212,0.24252272647472067
snp650,24,26,31,69,2.054590570719603,0.986242222502193
snp651,22,28,18,82,3.5793650793650795,0.9997912503736044
snp652,1,49,43,57,0.027052681537731372,1.0427714632974676e-08
snp653,6,44,64,36,0.07670454545454546,5.083589595714729e-10
snp654,23,27,5,95,16.185185185185187,0.9999999997377387
snp655,38,12,99,1,0.03198653198653199,6.8266112410652135e-06
snp656,38,12,71,29,1.2934272300469483,0.7991760492830381
snp657,30,20,17,83,7.323529411764706,0.9999999793938708
snp658,28,22,1,99,126.0,1.0
snp659,29,21,32,68,2.9345238095238093,0.9993688618894355
snp660,18,32,57,43,0.4243421052631579,0.011929497310149953
snp661,43,7,93,7,0.46236559139784944,0.13815483795710443
snp662,7,43,25,75,0.4883720930232558,0.08810434798092595
snp663,16,34,17,83,2.2975778546712804,0.9881796315105998
snp664,44,6,58,42,5.310344827586207,0.9999804823145172
snp665,44,6,0,100,inf,1.0
snp666,9,41,79,21,0.05835134300710096,5.534510950477269e-13
snp667,3,47,82,18,0.01401141670991178,2.4775760310561374e-20
snp668,29,21,80,20,0.34523809523809523,0.004409545926443889
snp669,4,46,24,76,0.2753623188405797,0.012691379482631843
snp670,34,16,94,6,0.1356382978723404,5.072715910889039e-05
snp671,46,4,28,72,29.571428571428573,1.0
snp672,27,23,85,15,0.2071611253196931,6.106901378340251e-05
snp673,0,50,61,39,0.0,1.3219604051813716e-15
snp674,15,35,24,76,1.3571428571428572,0.8383272666242769
snp675,47,3,59,41,10.887005649717514,0.9999998049488532
snp676,10,40,90,10,0.027777777777777776,9.075802661121546e-18
snp677,10,40,66,34,0.12878787878787878,7.409581191943773e-08
snp678,7,43,99,1,0.001644350481559784,5.335620152589101e-29
snp679,34,16,57,43,1.6030701754385965,0.9311140374563815
snp680,11,39,8,92,3.2435897435897436,0.9955870439582171
snp681,10,40,66,34,0.12878787878787878,7.409581191943773e-08
snp682,48,2,27,73,64.88888888888889,0.999999999999992
snp683,17,33,87,13,0.07697666318355974,7.491681527133477e-11
snp684,12,38,9,91,3.192982456140351,0.9962569973738855
snp685,37,13,58,42,2.061007957559682,0.9831425658784588
snp686,23,27,97,3,0.026345933562428408,5.564397954497753e-13
snp687,44,6,60,40,4.888888888888889,0.9999504634142524
snp688,29,21,6,94,21.634920634920636,0.9999999999997994
snp689,2,48,12,88,0.3055555555555556,0.09415938176266399
snp690,19,31,27,73,1.6571087216248506,0.9401905844739283
snp691,22,28,54,46,0.6693121693121693,0.16316730802077278
snp692,4,46,42,58,0.12008281573498965,7.259509781050788e-06
snp693,27,23,70,30,0.5031055900621118,0.04067139368511136
snp694,42,8,72,28,2.0416666666666665,0.9687594872908689
snp695,10,40,32,68,0.53125,0.08693323073520348
snp696,0,50,96,4,0.0,1.571147735153603e-35
snp697,45,5,37,63,15.324324324324325,0.9999999999901432
snp698,11,39,93,7,0.021229666390956713,6.054398192000353e-19
snp699,43,7,29,71,15.039408866995075,0.9999999999989844
snp700,11,39,71,29,0.11520404478150957,1.0732875847679403e-08
snp701,42,8,48,52,5.6875,0.9999978921455368
snp702,28,22,80,20,0.3181818181818182,0.0021704772278600313
snp703,1,49,81,19,0.004787100025195263,1.3717195219997988e-22
snp704,29,21,50,50,1.380952380952381,0.8640899882011526
snp705,41,9,79,21,1.2109704641350212,0.7389005155350605
snp706,5,45,78,22,0.03133903133903134,4.0337480629575345e-16
snp707,20,30,35,65,1.2380952380952381,0.7824769952318321
snp708,27,23,61,39,0.7505345687811832,0.2589772409994574
snp709,27,23,2,98,57.52173913043478,1.0
snp710,31,19,95,5,0.08587257617728532,6.402397284934998e-07
snp711,10,40,81,19,0.05864197530864197,4.725695184274993e-13
snp712,1,49,21,79,0.07677356656948493,0.0008301305693093503
snp713,3,47,48,52,0.06914893617021277,4.9487240630386055e-08
snp714,45,5,83,17,1.8433734939759037,0.9209354773321548
snp715,16,34,99,1,0.004753416518122401,2.616679401604195e-20
snp716,42,8,84,16,1.0,0.5863627860664978
snp717,12,38,19,81,1.3462603878116344,0.8235039106993546
snp718,16,34,68,32,0.22145328719723184,2.7979094925498286e-05
snp719,10,40,10,90,2.25,0.9722875529462986
snp720,44,6,12,88,53.77777777777778,0.9999999999999934
snp721,40,10,71,29,1.6338028169014085,0.9183707179204562
snp722,48,2,58,42,17.379310344827587,0.9999999895722792
snp723,2,48,83,17,0.00853413654618474,3.340353340258868e-22
snp724,7,43,43,57,0.21579232017306652,0.00023552438157315215
snp725,47,3,93,7,1.17921146953405,0.708966423438991
snp726,36,14,30,70,6.0,0.9999998392616387
snp727,29,21,39,61,2.15995115995116,0.99130514226373
snp728,48,2,61,39,15.344262295081966,0.999999940194273
snp729,17,33,8,92,5.924242424242424,0.9999831805965009
snp730,41,9,95,5,0.23976608187134502,0.01315317342263459
snp731,32,18,99,1,0.017957351290684626,3.3111685495003724e-09
snp732,37,13,44,56,3.6223776223776225,0.9998970465472494
snp733,9,41,18,82,1.0,0.594979435392645
snp734,31,19,92,8,0.14187643020594964,1.5046861084671184e-05
snp735,39,11,73,27,1.311332503113325,0.8049806354582048
snp736,38,12,90,10,0.35185185185185186,0.022711513133262543
snp737,10,40,15,85,1.4166666666666667,0.8430927042008522
snp738,29,21,58,42,1.0,0.568375855613667
snp739,13,37,5,95,6.675675675675675,0.9999490384218371
snp740,32,18,81,19,0.4170096021947874,0.020177411089881057
snp741,2,48,69,31,0.018719806763285024,1.1017015491514715e-15
snp742,48,2,50,50,24.0,0.9999999999329363
snp743,9,41,5,95,4.170731707317073,0.997378280855332
snp744,20,30,37,63,1.135135135135135,0.7048219908876048
snp745,19,31,58,42,0.44382647385984425,0.01611828745707225
snp746,42,8,100,0,0.0,0.00010212232459112113
snp747,1,49,23,77,0.06832298136645963,0.0003408250463660494
snp748,27,23,85,15,0.2071611253196931,6.106901378340251e-05
snp749,46,4,47,53,12.96808510638298,0.999999998754572
snp750,49,1,60,40,32.666666666666664,0.9999999982993679
snp751,21,29,46,54,0.8500749625187406,0.38660760929143934
snp752,12,38,27,73,0.8538011695906432,0.42590168092001246
snp753,44,6,19,81,31.263157894736842,0.9999999999999952
snp754,34,16,63,37,1.248015873015873,0.783008008809265
snp755,35,15,59,41,1.6214689265536724,0.9332263255090989
snp756,50,0,60,40,inf,1.0
snp757,21,29,82,18,0.15895710681244743,1.0865750606550185e-06
snp758,26,24,9,91,10.953703703703704,0.9999999988567558
snp759,33,17,21,79,7.302521008403361,0.9999999881071389
snp760,32,18,82,18,0.3902439024390244,0.013929861236189375
snp761,25,25,57,43,0.7543859649122807,0.26153721725364576
snp762,42,8,13,87,35.13461538461539,1.0
snp763,35,15,99,1,0.02356902356902357,1.6786547841542576e-07
snp764,13,37,90,10,0.03903903903903904,2.860298134813316e-15
snp765,42,8,94,6,0.3351063829787234,0.048884893294311164
snp766,47,3,97,3,0.4845360824742268,0.3173443008970688
snp767,18,32,100,0,0.0,3.8949876149288734e-20
snp768,24,26,43,57,1.223613595706619,0.7750154513137668
snp769,33,17,7,93,25.789915966386555,0.9999999999999943
snp770,33,17,15,85,11.0,0.9999999999509936
snp771,37,13,91,9,0.28148774302620455,0.006769045444213433
snp772,23,27,23,77,2.8518518518518516,0.9987779663131944
snp773,45,5,33,67,18.272727272727273,0.9999999999995836
snp774,29,21,53,47,1.224618149146451,0.774194548774966
snp775,41,9,99,1,0.04601571268237935,0.0002230043090486968
snp776,42,8,100,0,0.0,0.00010212232459112113
snp777,25,25,6,94,15.666666666666666,0.9999999999230651
snp778,36,14,31,69,5.723502304147465,0.9999996942898831
snp779,10,40,93,7,0.01881720430107527,7.506744696707115e-20
snp780,49,1,94,6,3.127659574468085,0.9455728280613453
snp781,50,0,69,31,inf,1.0
snp782,5,45,21,79,0.41798941798941797,0.07030196854123702
snp783,2,48,18,82,0.18981481481481483,0.012313963841378596
snp784,46,4,22,78,40.77272727272727,0.9999999999999971
snp785,1,49,93,7,0.0015360983102918587,1.0846575504406262e-30
snp786,33,17,74,26,0.6820349761526232,0.20256722900197688
snp787,38,12,22,78,11.227272727272727,0.9999999999822251
snp788,14,36,90,10,0.043209876543209874,1.6795633325594853e-14
snp789,11,39,21,79,1.061050061050061,0.6419599765391363
snp790,35,15,79,21,0.620253164556962,0.1553279100074138
snp791,8,42,26,74,0.5421245421245421,0.1194182445160936
snp792,1,49,48,52,0.022108843537414966,4.776108513589863e-10
snp793,29,21,6,94,21.634920634920636,0.9999999999997994
snp794,0,50,22,78,0.0,5.5623676823951816e-05
snp795,8,42,18,82,0.8677248677248677,0.47641314395558854
snp796,18,32,5,95,10.6875,0.9999998266157872
snp797,15,35,46,54,0.5031055900621118,0.04321894606358713
snp798,50,0,86,14,inf,1.0
snp799,14,36,71,29,0.15884194053208137,5.561158930654177e-07
snp800,3,47,87,13,0.009537784299339692,3.0436126317656404e-23
snp801,8,42,32,68,0.40476190476190477,0.026830591872156317
snp802,4,46,93,7,0.0065451145395044414,2.6702191082137346e-26
snp803,10,40,56,44,0.19642857142857142,1.9582049209215644e-05
snp804,44,6,68,32,3.450980392156863,0.9985861786684479
snp805,2,48,13,87,0.27884615384615385,0.06880317556809869
snp806,48,2,70,30,10.285714285714286,0.9999925367975158
snp807,49,1,5,95,931.0,1.0
snp808,6,44,73,27,0.050435865504358655,4.2624865517274085e-13
snp809,3,47,18,82,0.2907801418439716,0.035230323358649916
snp810,47,3,73,27,5.794520547945205,0.9997896361169031
snp811,14,36,25,75,1.1666666666666667,0.7253092788216163
snp812,36,14,86,14,0.4186046511627907,0.03393274666498379
snp813,35,15,79,21,0.620253164556962,0.1553279100074138
snp814,25,25,25,75,3.0,0.9993441539817125
snp815,19,31,72,28,0.23835125448028674,6.396075009751446e-05
snp816,43,7,44,56,7.818181818181818,0.9999999509596448
snp817,18,32,65,35,0.30288461538461536,0.000688475674686311
snp818,7,43,25,75,0.4883720930232558,0.08810434798092595
snp819,36,14,70,30,1.1020408163265305,0.6686395071971116
snp820,13,37,67,33,0.17305365066559097,1.8718814377043311e-06
snp821,30,20,13,87,10.038461538461538,0.999999999550261
snp822,40,10,12,88,29.333333333333332,0.9999999999999952
snp823,27,23,93,7,0.08835904628330996,5.85243504267588e-08
snp824,43,7,35,65,11.408163265306122,0.9999999998800047
snp825,17,33,79,21,0.13693901035673187,9.245628968569218e-08
snp826,23,27,20,80,3.4074074074074074,0.9997283921713669
snp827,11,39,64,36,0.15865384615384615,9.343645068601362e-07
snp828,12,38,64,36,0.17763157894736842,3.140934940477749e-06
snp829,3,47,31,69,0.14207275223061083,0.00026133151389362346
snp830,19,31,31,69,1.36420395421436,0.8509797795526551
snp831,13,37,80,20,0.08783783783783784,1.7024731656097058e-10
snp832,17,33,34,66,1.0,0.5749461959084413
snp833,29,21,60,40,0.9206349206349206,0.4751215749086851
snp834,16,34,43,57,0.6238030095759234,0.13047613713041945
snp835,0,50,86,14,0.0,2.3774904934524723e-27
snp836,49,1,0,100,inf,1.0
snp837,36,14,51,49,2.4705882352941178,0.9961687165093897
snp838,10,40,15,85,1.4166666666666667,0.8430927042008522
snp839,1,49,89,11,0.0025223572575097455,1.5360388573894971e-27
snp840,18,32,52,48,0.5192307692307693,0.04618877447275442
snp841,28,22,78,22,0.358974358974359,0.005108184821562741
snp842,35,15,85,15,0.4117647058823529,0.027393493464408055
snp843,5,45,46,54,0.13043478260869565,4.486195569465751e-06
snp844,26,24,88,12,0.14772727272727273,2.449488165138832e-06
snp845,35,15,88,12,0.3181818181818182,0.007576605146026227
snp846,31,19,61,39,1.0431406384814494,0.6148433548288076
snp847,47,3,90,10,1.7407407407407407,0.8726292791446122
snp848,39,11,89,11,0.43820224719101125,0.0628463968259734
snp849,14,36,89,11,0.048064918851435705,6.240218485906211e-14
snp850,42,8,74,26,1.8445945945945945,0.9464353165733834
snp851,9,41,0,100,inf,1.0
snp852,40,10,54,46,3.4074074074074074,0.9996302488242064
snp853,33,17,57,43,1.4643962848297214,0.8925355764514559
snp854,42,8,35,65,9.75,0.9999999992843107
snp855,2,48,60,40,0.027777777777777776,1.7670117437246395e-12
snp856,12,38,27,73,0.8538011695906432,0.42590168092001246
snp857,14,36,76,24,0.12280701754385964,1.8308692012525367e-08
snp858,35,15,32,68,4.958333333333333,0.9999981276595575
snp859,26,24,1,99,107.25,1.0
snp860,30,20,98,2,0.030612244897959183,1.8215684827898108e-09
snp861,8,42,2,98,9.333333333333334,0.9997769956909519
snp862,0,50,6,94,0.0,0.0833777953102819
snp863,8,42,78,22,0.05372405372405373,2.2324792322348524e-13
snp864,48,2,38,62,39.1578947368421,0.9999999999999846
snp865,17,33,15,85,2.919191919191919,0.997681283410374
snp866,8,42,54,46,0.16225749559082892,4.746128855094077e-06
snp867,36,14,27,73,6.9523809523809526,0.9999999794510167
snp868,36,14,6,94,40.285714285714285,1.0
snp869,17,33,30,70,1.202020202020202,0.7543814300699327
snp870,13,37,16,84,1.8445945945945945,0.9516995556414098
snp871,24,26,43,57,1.223613595706619,0.7750154513137668
snp872,29,21,70,30,0.5918367346938775,0.10087957807507425
snp873,8,42,59,41,0.13236481033091202,3.1052400536794193e-07
snp874,0,50,35,65,0.0,5.793216664891303e-08
snp875,21,29,35,65,1.3448275862068966,0.8448309565788328
snp876,39,11,55,45,2.9008264462809916,0.9986089946356228
snp877,26,24,69,31,0.4867149758454106,0.03226374448568344
snp878,42,8,67,33,2.5858208955223883,0.9931940730779145
snp879,26,24,46,54,1.2717391304347827,0.8069476249326915
snp880,13,37,73,27,0.12995186967789707,4.171339953855068e-08
snp881,8,42,88,12,0.025974025974025976,2.317417678219207e-18
snp882,40,10,90,10,0.4444444444444444,0.07667859781292544
snp883,0,50,61,39,0.0,1.3219604051813716e-15
snp884,27,23,95,5,0.06178489702517163,4.548801183212666e-09
snp885,50,0,91,9,inf,1.0
snp886,4,46,25,75,0.2608695652173913,0.009040890292328971
snp887,3,47,27,73,0.17257683215130024,0.0013774924669263137
snp888,25,25,50,50,1.0,0.56869695164569
snp889,34,16,23,77,7.114130434782608,0.9999999847169613
snp890,12,38,60,40,0.21052631578947367,2.516599631119672e-05
snp891,2,48,49,51,0.04336734693877551,3.2003680613048934e-09
snp892,15,35,82,18,0.09407665505226481,5.453257137240858e-10
snp893,23,27,5,95,16.185185185185187,0.9999999997377387
snp894,45,5,35,65,16.714285714285715,0.9999999999979072
snp895,16,34,77,23,0.14056531703590527,1.1574044772116243e-07
snp896,45,5,36,64,16.0,0.9999999999954116
snp897,40,10,68,32,1.8823529411764706,0.9609214078091973
snp898,45,5,25,75,27.0,1.0
snp899,19,31,61,39,0.39185616076150187,0.006346997510079818
snp900,19,31,31,69,1.36420395421436,0.8509797795526551
snp901,23,27,42,58,1.1763668430335097,0.7395664707673496
snp902,31,19,2,98,79.94736842105263,0.9999999999999978
snp903,25,25,15,85,5.666666666666667,0.9999985840593326
snp904,33,17,1,99,192.1764705882353,0.9999999999999999
snp905,50,0,50,50,inf,1.0
snp906,6,44,82,18,0.02993348115299335,5.12551881325696e-17
snp907,47,3,71,29,6.39906103286385,0.9999149087597011
snp908,35,15,100,0,0.0,1.3860452346227721e-08
snp909,20,30,81,19,0.15637860082304528,7.330090163769304e-07
snp910,31,19,82,18,0.3581514762516046,0.007335225279515064
snp911,47,3,100,0,0.0,0.03555233085434425
snp912,23,27,97,3,0.026345933562428408,5.564397954497753e-13
snp913,38,12,36,64,5.62962962962963,0.9999994793674507
snp914,46,4,18,82,52.388888888888886,0.999999999999994
snp915,5,45,38,62,0.18128654970760233,0.00018656698821058166
snp916,32,18,0,100,inf,1.0
snp917,5,45,8,92,1.2777777777777777,0.7675030614333493
snp918,33,17,64,36,1.0919117647058822,0.6618104790444826
snp919,2,48,85,15,0.007352941176470588,2.2860834136369945e-23
snp920,3,47,4,96,1.5319148936170213,0.8319799670197391
snp921,44,6,31,69,16.322580645161292,0.9999999999992897
snp922,45,5,73,27,3.328767123287671,0.9969063667307835
snp923,28,22,34,66,2.4705882352941178,0.997008602233743
snp924,29,21,89,11,0.17067950775815943,2.4384067274718757e-05
snp925,26,24,15,85,6.138888888888889,0.9999995364589258
snp926,39,11,11,89,28.68595041322314,0.9999999999999986
snp927,29,21,75,25,0.4603174603174603,0.02710575289167764
snp928,30,20,55,45,1.2272727272727273,0.7751340995264275
snp929,31,19,42,58,2.2531328320802007,0.9936417999296006
snp930,43,7,93,7,0.46236559139784944,0.13815483795710443
snp931,50,0,60,40,inf,1.0
snp932,9,41,82,18,0.04818560380725759,2.6430267276421645e-14
snp933,38,12,2,98,155.16666666666666,0.9999999999999957
snp934,24,26,100,0,0.0,1.292235406237084e-15
snp935,40,10,34,66,7.764705882352941,0.9999999910241304
snp936,15,35,80,20,0.10714285714285714,3.081236438408889e-09
snp937,46,4,12,88,84.33333333333333,0.9999999999999953
snp938,41,9,22,78,16.151515151515152,0.9999999999999111
snp939,36,14,63,37,1.510204081632653,0.9005819259279627
snp940,44,6,23,77,24.55072463768116,1.0
snp941,44,6,78,22,2.0683760683760686,0.9595459390908541
snp942,11,39,91,9,0.027895181741335588,1.525139825194236e-17
snp943,17,33,46,54,0.6047430830039525,0.1092779746265369
snp944,34,16,34,66,4.125,0.999982975658893
snp945,47,3,2,98,767.6666666666666,1.0
snp946,28,22,22,78,4.512396694214876,0.9999916843578122
snp947,47,3,90,10,1.7407407407407407,0.8726292791446122
snp948,47,3,86,14,2.550387596899225,0.9644191705869231
snp949,38,12,12,88,23.22222222222222,0.9999999999999986
snp950,18,32,19,81,2.398026315789474,0.992664774720488
snp951,10,40,59,41,0.17372881355932204,4.280801927554203e-06
snp952,10,40,10,90,2.25,0.9722875529462986
snp953,47,3,93,7,1.17921146953405,0.708966423438991
snp954,49,1,17,83,239.23529411764707,1.0
snp955,9,41,51,49,0.2109038737446198,6.655898725122677e-05
snp956,26,24,9,91,10.953703703703704,0.9999999988567558
snp957,26,24,31,69,2.411290322580645,0.9961201398600439
snp958,2,48,35,65,0.07738095238095238,7.760126405325958e-06
snp959,32,18,77,23,0.5310245310245311,0.06934231336494974
snp960,6,44,58,42,0.0987460815047022,2.6634885760347473e-08
snp961,22,28,5,95,14.928571428571429,0.9999999989722919
snp962,12,38,58,42,0.22867513611615245,6.526088426775572e-05
snp963,1,49,90,10,0.0022675736961451248,2.8466603519788203e-28
snp964,39,11,10,90,31.90909090909091,1.0
snp965,45,5,77,23,2.688311688311688,0.9873086205173658
snp966,18,32,55,45,0.4602272727272727,0.021263867734338134
snp967,19,31,69,31,0.2753623188405797,0.0002757288749759821
snp968,3,47,96,4,0.0026595744680851063,1.9523262688577544e-30
snp969,36,14,44,56,3.272727272727273,0.9997317791316255
snp970,29,21,63,37,0.8110355253212396,0.33784150962136206
snp971,42,8,77,23,1.5681818181818181,0.8887945452915509
snp972,10,40,29,71,0.6120689655172413,0.16187105414456357
snp973,12,38,9,91,3.192982456140351,0.9962569973738855
snp974,50,0,48,52,inf,1.0
snp975,4,46,11,89,0.7035573122529645,0.39643954774506396
snp976,31,19,17,83,7.96594427244582,0.9999999943540643
snp977,10,40,28,72,0.6428571428571429,0.1950193645417932
snp978,28,22,2,98,62.36363636363637,1.0
snp979,48,2,15,85,136.0,0.9999999999999954
snp980,45,5,76,24,2.8421052631578947,0.9909591097076783
snp981,4,46,23,77,0.29111531190926276,0.017649001165937664
snp982,41,9,8,92,52.388888888888886,1.0
snp983,35,15,16,84,12.25,0.9999999999935637
snp984,1,49,92,8,0.001774622892635315,7.647734427110883e-30
snp985,23,27,79,21,0.22644163150492264,5.8233304679391474e-05
snp986,40,10,56,44,3.142857142857143,0.9991844297731755
snp987,27,23,52,48,1.0836120401337792,0.6567267020057788
snp988,46,4,48,52,12.458333333333334,0.9999999976351623
snp989,23,27,74,26,0.2992992992992993,0.0007479258140245866
snp990,28,22,40,60,1.9090909090909092,0.9787824669065187
snp991,3,47,97,3,0.0019741171309497698,1.5775459506423252e-31
snp992,34,16,47,53,2.396276595744681,0.9957208434711556
snp993,9,41,94,6,0.01401141670991178,1.3570930841559277e-21
snp994,41,9,62,38,2.792114695340502,0.9970406409387248
snp995,44,6,6,94,114.88888888888889,0.9999999999999986
snp996,41,9,39,61,7.1253561253561255,0.9999999486882865
snp997,43,7,40,60,9.214285714285714,0.9999999960689964
snp998,31,19,29,71,3.9945553539019962,0.9999755053223288
snp999,41,9,5,95,86.55555555555556,0.999999999999996
